<?xml version="1.0"?>
<!-- 
	1. Order events by date.
	2. Expired events will be listed in past events.
	3. Beware special characters! (<, >, &, etc) Enclose them in <![CDATA[  ]]> or replace with HTMl entities.
-->
<events>


<event>
	<expire>20130601</expire>
	<date>Sat Jun 1, 3-7:30PM</date>
	<location>CSE B230</location>
	<title>Beginner's Programming Competition (Spring '13)</title>
	<desc><![CDATA[<p><a href="competition.html">Register here</a>.</p>]]></desc>
	<link></link>
</event>

<event>
	<expire>20130422</expire>
	<date>Mon Apr 22, 7-9pm</date>
	<location>CSE 1202</location>
	<title>she++ Movie Night</title>
	<desc><![CDATA[<p>A showing of she++: Inspiring women to empower computer science. Check out the trailer <a href="http://www.youtube.com/watch?v=2vPPmhQNS6I">here</a>.</p>]]></desc>
	<link></link>
</event>

<event>
	<expire>20130420</expire>
	<date>Sat Apr 20</date>
	<location>--</location>
	<title>Girls' Day Out</title>
	<desc><![CDATA[ <p><a href="http://wic.ucsd.edu/girlsdayout.html">More info here</a>.</p>]]></desc>
	<link>http://wic.ucsd.edu/girlsdayout.html</link>
</event>

<event>
	<expire>20120309</expire>
	<date>Sat Mar 9, 3pm-7:30pm</date>
	<location>CSE B220</location>
	<title>WIC Programming Competition (Winter 2013)</title>
	<desc><![CDATA[<p>Registration is closed.</p>]]></desc>
	<link></link>
</event>

<event>
	<expire>20120221</expire>
	<date>Wed Feb 21, 6:30pm</date>
	<location>CSE 4140</location>
	<title>Women of Microsoft</title>
	<desc><![CDATA[<p>Four female Microsoft employees will share their
				stories on how they first got interested in technology,
				their roles at Microsoft, and the type of technology
				they work with every day. There will be opportunity to
				ask questions about how to prepare for a career in
				technology , what it’s like to work at Microsoft, and
				advice on preparing for work outside of college.

				Food will be provided!</p>]]></desc>
	<link></link>
</event>
		
		
<event>
	<expire>20120220</expire>
	<date>Wed Feb 20, 6pm-7pm</date>
	<location>Henry Booker Room (Jacobs Hall, Room 2512)</location>
	<title>Resume Workshop with Cisco</title>
	<desc><![CDATA[<p>Cisco is excited to partner with Women in Computing and the Society
				of Women Engineers to bring you this event! Learn how to build an
				effective resume in order to apply to your dream company.
				Representatives (including UCSD Alumni) from various business units
				within Cisco will offer their professional advice, as well as discuss
				technical Internship and Full-Time positions available specifically for
				UCSD students. Food and beverages will be served.</p>
				
				<p>Today more than 99% of our world is still not connected to the
				Internet. But we're working on it. Each day, more and more people,
				process, data and things join what we call the Internet of Everything.
				And as we wake up the world, amazing things will happen. Learn more at
				<a href="www.cisco.com" target="_blank">cisco.com</a></p>]]></desc>
	<link>https://www.facebook.com/events/128384630670759/</link>
</event>

		
<event>
	<expire>20120215</expire>
	<date>Fri Feb 15, 1pm-2:30pm</date>
	<location>CSE 4140</location>
	<title>Professor Lunch and Q&amp;A</title>
	<desc><![CDATA[<p>Get advice from CSE professors! There will be a social after the panel where you can ask questions and hang out with the professors! All Undergraduate and Graduate students are welcome to attend. Food and caffeine will be provided!</p>

			<p>Attending:</p>
			<ul>
				<li>Dr. Christine Alvarado</li>
				<li>Dr. Beth Simon</li>
				<li>Dr. Cynthia Lee</li>
				<li>Dr. Lingjia Tang</li>
			</ul>]]></desc>
	<link></link>
</event>
		
<event>
	<expire>20120212</expire>
	<date>Tues Feb 12, 4pm</date>
	<location>CSE B220</location>
	<title>Build Your Own Website</title>
	<desc><![CDATA[<p>Get started on creating your own personal website! You will be introduced to the basics of creating a web page whether it be for personal or professional reasons.</p>
			
			<p>With DECAF coming up, you can be prepared by creating an online resume
			using HTML. Some of the benefits of creating an online resume include the
			ability to provide electronic links to your references and previous
			employers as well as providing links to previous jobs or projects you have
			been involved with. <a href="https://docs.google.com/file/d/1tdDol1S4xWM9DH_TbpnFS3M0FTeqJfi4sTgShkzxXISiVUY4OOtU_E-mEERo/edit?usp=sharing" target="_blank">Handout</a>
			</p>]]></desc>
	<link></link>
</event>


<event>
	<expire>20120201</expire>
	<date>Fri Feb 1, 6pm-9pm</date>
	<location>CSE B225</location>
	<title>WIC Game Night</title>
	<desc><![CDATA[ <p>Looking for something to do this Friday night? Join the WIC officers
			(past and present) for a night of games! We'll have board games and an
			Xbox Kinect. Its a great chance to meet all the officers and de-stress after midterms! Refreshments will be provided. Hope to see you there!</p>
	]]></desc>
	<link></link>
</event>

<event>
	<expire>20120116</expire>
	<date>Wed Jan 16, 3pm-4pm</date>
	<location>CSE B225</location>
	<title>General Body Meeting (Winter 2013)</title>
	<desc><![CDATA[<p>Come hear about upcoming WIC events and see how you can participate!</p>]]></desc>
	<link></link>
</event>

<event>
	<expire>20120115</expire>
	<date>Tue Jan 15, 6:30pm</date>
	<location>CSE 1202</location>
	<title>Ooyala Tech Talk</title>
	<desc><![CDATA[	<p>Tech Talk: Concurrency at Scale by Austen McRae</p>
				<p>Ooyala is the leader in online video management,
				publishing, analytics and monetization. Our integrated
				suite of technologies and services give content owners
				the power to expand audiences and the deep insights that
				drive increased viewer engagement and revenue from
				video. Ooyala serves hundreds of global media companies
				and marketers including Dell, ESPN, Fremantle Media,
				News International, Sephora, Telegraph Media Group,
				Vans, Whole Foods and Yahoo! Japan. </p>

				<p>If you are still looking for a summer internship,
				they will be collecting resumes and interviewing
				promptly! </p>	]]></desc>
	<link></link>
</event>


<event>
	<expire>20121129</expire>
	<date>Thurs Nov 29, 11:30am-1pm</date>
	<location>--</location>
	<title>WIC Lunch With Yahoo!</title>
	<desc><![CDATA[	<p>Yahoo! would like to have a low-key lunch with the undergraduate and graduate members of WIC.</p>]]></desc>
	<link></link>
</event>

<event>
	<expire>20121130</expire>
	<date>Wed Nov 30, 5pm-8pm</date>
	<location>CSE B220</location>
	<title>WIC Programming Competition (Fall 2012)</title>
	<desc><![CDATA[<p>WIC's first ever programming competition, made just for students starting out in CS. In order to be eligible for this competition, you must have not taken or currently be enrolled in any upper division CSE courses. You are allowed to work with a partner. All coding will be in Java. First and second places get Amazon gift cards. 3rd-10th places get swag! Registration is now closed. </p>]]></desc>
	<link></link>
</event>

<event>
	<expire>20121128</expire>
	<date>Wed Nov 28, 11am</date>
	<location>CSE 2217</location>
	<title>Applying to Grad School and Scholarships Talk</title>
	<desc><![CDATA[<p><a href="http://goo.gl/2t7Br">Slides</a></p>]]></desc>
	<link></link>
</event>

<event>
	<expire>20121116</expire>
	<date>Fri Nov 16, 4pm</date>
	<location>3rd Floor Lobby, CSE Building</location>
	<title>Kinect Social</title>
	<desc><![CDATA[<p>Hang out with officers, eat snacks, and play
				games on the Kinect!</p>]]></desc>
	<link></link>
</event>

<event>
	<expire>20121026</expire>
	<date>Fri Oct 26, 4pm</date>
	<location>CSE B225 (Basement)</location>
	<title>Ice Cream Social</title>
	<desc><![CDATA[<p>Come to take a break from studying and socialize with other
				CSE students. WIC will be providing the ice cream and (if
				you want) you can bring your topping.</p>]]></desc>
	<link></link>
</event>


<event>
	<expire>20121022</expire>
	<date>Mon Oct 22, 4pm</date>
	<location>Henry Booker Room (Jacobs Hall, Room 2512)</location>
	<title>Speed Dating Mentoring</title>
	<desc><![CDATA[<p>This program is designed for people in their first or
				second year of computer science to get advice from
				upperclassmen and grad students. Mentees will have the
				chance to speak with multiple mentors about many different
				CS related topics.</p>
	
				<p>Come to find out more about the CSE department, the field
				of computer science, or to meet new people!
				We need both mentors and mentees.
			</p>]]></desc>
	<link></link>
</event>


<event>
	<expire>20121015</expire>
	<date>Mon Oct 15, 6pm-7:30pm</date>
	<location>Henry Booker Room (Jacobs Hall, Room 2512)</location>
	<title>SWE &amp; WIC Intel Resume Workshop and Panel</title>
	<desc><![CDATA[
				<p>Have you ever wanted to internship in a world leading company 
				such as Intel? This is the GBM for you! Come and talk with people
				from Intel, making excellent working connections for your
				future career!</p>
	
				<p>Not interested in Intel? That's okay! This is a great
				opportunity to make your resume standout in a tight economy.
				Ever wonder what happens after you’ve spent all that time
				posting your resume to every major on-line job board or to
				dozens of company web sites? Do actual human beings ever see
				it? Do you feel like it goes off into a perceived ‘black
				hole’ never to be seen again? We have information that will
				guarantee your resume gets noticed! A panel of resume
				experts from Intel will provide advice/tips on how to create
				an effective resume for any industry.</p>]]></desc>
	<link></link>
</event>

</events>
		